{"version":2,"languages":{"nodejs-npm":{"specfileHash":"b6ae4af8fc9ea7a37f285fe1511d1a0f","lockfileHash":"fdf34b3175e260b1404b5a1ccef506e2","guessedImports":["react-dom","@vitejs/plugin-react-refresh","@solana/web3.js","@project-serum/anchor","react"],"guessedImportsHash":"be258dc9a4a19fe76db21dca99f0f1eb"},"nodejs-yarn":{"specfileHash":"36fe129750f9b571f62775768dfd2747","lockfileHash":"8cd20b0f91e5e007eadff22a3178e342","guessedImports":["@vitejs/plugin-react-refresh","react","react-dom"],"guessedImportsHash":"24f6f3418ae857900ebf7b7e00dc4a7b"}}}
